# Active-site set = published Agbaglo QM-cluster residues (S3); 'cross' residues are contributed by the adjacent chain (').
# shell=active_site are the QM-cluster residues; shell=second_shell (Arg116) is measured for provenance, not a defining contact.
ligand	lig_chain	shell	resid	resname	expected_origin	observed_chain	observed_origin	closest_heavy_A	partner_atom_match
cha_a	A	active_site	7	ARG	same	A	same	2.782	NH2:ok
cha_a	A	active_site	90	ARG	same	A	same	2.845	NH1:ok
cha_a	A	active_site	78	GLU	same	A	same	3.362	OE2:ok
cha_a	A	active_site	108	TYR	same	A	same	2.956	OH:ok
cha_a	A	active_site	115	LEU	same	A	same	3.548	O:ok
cha_a	A	active_site	63	ARG	cross	C	cross	2.899	NH1:ok
cha_a	A	active_site	60	LYS	cross	C	cross	3.024	N:ok
cha_a	A	active_site	73	VAL	cross	C	cross	3.594	O:ok
cha_a	A	active_site	74	THR	cross	C	cross	3.448	OG1:ok
cha_a	A	active_site	75	CYS	cross	C	cross	3.384	N:ok
cha_a	A	active_site	57	PHE	cross	C	cross	3.620	CG:ok
cha_a	A	active_site	59	ALA	cross	C	cross	3.358	CB:ok
cha_a	A	second_shell	116	ARG	same	A	same	5.501	N:ok
cha_b	B	active_site	7	ARG	same	B	same	2.782	NH2:ok
cha_b	B	active_site	90	ARG	same	B	same	2.865	NE:ok
cha_b	B	active_site	78	GLU	same	B	same	2.900	OE2:ok
cha_b	B	active_site	108	TYR	same	B	same	2.586	OH:ok
cha_b	B	active_site	115	LEU	same	B	same	3.764	CD2:ok
cha_b	B	active_site	63	ARG	cross	A	cross	3.060	NH1:ok
cha_b	B	active_site	60	LYS	cross	A	cross	3.129	N:ok
cha_b	B	active_site	73	VAL	cross	A	cross	3.525	O:ok
cha_b	B	active_site	74	THR	cross	A	cross	3.266	OG1:ok
cha_b	B	active_site	75	CYS	cross	A	cross	3.231	SG:ok
cha_b	B	active_site	57	PHE	cross	A	cross	3.684	CD1:ok
cha_b	B	active_site	59	ALA	cross	A	cross	3.222	CB:ok
cha_b	B	second_shell	116	ARG	same	B	same	6.834	N:ok
cha_c	C	active_site	7	ARG	same	C	same	2.709	NH2:ok
cha_c	C	active_site	90	ARG	same	C	same	2.997	NH1:ok
cha_c	C	active_site	78	GLU	same	C	same	3.098	OE1:ok
cha_c	C	active_site	108	TYR	same	C	same	2.785	OH:ok
cha_c	C	active_site	115	LEU	same	C	same	3.301	CD1:ok
cha_c	C	active_site	63	ARG	cross	B	cross	6.380	CB:ok
cha_c	C	active_site	60	LYS	cross	B	cross	3.080	N:ok
cha_c	C	active_site	73	VAL	cross	B	cross	3.492	CG2:ok
cha_c	C	active_site	74	THR	cross	B	cross	3.612	OG1:ok
cha_c	C	active_site	75	CYS	cross	B	cross	3.188	SG:ok
cha_c	C	active_site	57	PHE	cross	B	cross	3.390	CD2:ok
cha_c	C	active_site	59	ALA	cross	B	cross	2.964	C:ok
cha_c	C	second_shell	116	ARG	same	C	same	6.396	N:ok
