metric	value
template_residues	381
hpp_residues	381
template_heavy_atoms	3030
restored_heavy_atoms	3030
hydrogens_added	3153
hpp_TER_count	3
histidines	9
suggested_his	HIE:3,HIP:6
resname_counts	ALA:18,ARG:21,ASN:6,ASP:21,CYS:6,GLN:24,GLU:36,GLY:15,HIE:3,HIP:6,ILE:21,LEU:39,LYS:27,MET:21,PHE:3,PRO:18,SER:9,THR:36,TRP:3,TYR:6,VAL:42
non_ff14sb_resnames	none
missing_heavy_atoms	0
extra_heavy_atoms	0
peptide_links_checked	378
missing_CN_links	0
abnormal_CN_links	0
duplicate_atom_residues	0
possible_disulfides	0
drift[all_heavy]	count=3030;max=2.2452;rms=0.1695;>1.0A=22
drift[backbone]	count=1527;max=0.0000;rms=0.0000;>1.0A=0
drift[sidechain]	count=1503;max=2.2452;rms=0.2407;>1.0A=22
drift[flippable_residue]	count=354;max=2.2452;rms=0.4959;>1.0A=22
drift[nonflippable_residue]	count=2676;max=0.0000;rms=0.0000;>1.0A=0
drift[active_site_set]	count=321;max=0.0000;rms=0.0000;>1.0A=0
drift[not_active_site_set]	count=2709;max=2.2452;rms=0.1793;>1.0A=22
drift[active_site_backbone]	count=144;max=0.0000;rms=0.0000;>1.0A=0
drift[active_site_sidechain]	count=177;max=0.0000;rms=0.0000;>1.0A=0
